{
  "BGE": {
    "comparative_not": {
      "P@1": 0.3,
      "P@2": 0.3,
      "P@3": 0.3,
      "MRR": 0.57,
      "NDCG@3": 0.7175182267253165
    },
    "explicit_not": {
      "P@1": 0.1,
      "P@2": 0.15,
      "P@3": 0.26666666666666666,
      "MRR": 0.4033333333333333,
      "NDCG@3": 0.5315130234573286
    },
    "implicit_not": {
      "P@1": 0.2,
      "P@2": 0.25,
      "P@3": 0.19999999999999998,
      "MRR": 0.44857142857142857,
      "NDCG@3": 0.5024692431317209
    },
    "prohibition_not": {
      "P@1": 0.2,
      "P@2": 0.3,
      "P@3": 0.2666666666666667,
      "MRR": 0.5166666666666666,
      "NDCG@3": 0.6996452044537771
    },
    "scope_not": {
      "P@1": 0.2,
      "P@2": 0.3,
      "P@3": 0.2666666666666667,
      "MRR": 0.4999999999999999,
      "NDCG@3": 0.5261952416668495
    }
  },
  "cross-encoder-nli-deberta-base": {
    "comparative_not": {
      "P@1": 0.4,
      "P@2": 0.25,
      "P@3": 0.23333333333333334,
      "MRR": 0.5866666666666667,
      "NDCG@3": 0.6955148401863495
    },
    "explicit_not": {
      "P@1": 0.0,
      "P@2": 0.0,
      "P@3": 0.0,
      "MRR": 0.17142857142857143,
      "NDCG@3": 0.32481558715717973
    },
    "implicit_not": {
      "P@1": 0.3,
      "P@2": 0.2,
      "P@3": 0.26666666666666666,
      "MRR": 0.5119047619047619,
      "NDCG@3": 0.5890610715304072
    },
    "prohibition_not": {
      "P@1": 0.2,
      "P@2": 0.2,
      "P@3": 0.2,
      "MRR": 0.4533333333333334,
      "NDCG@3": 0.54253873060096
    },
    "scope_not": {
      "P@1": 0.4,
      "P@2": 0.25,
      "P@3": 0.33333333333333337,
      "MRR": 0.5976190476190475,
      "NDCG@3": 0.682292917770096
    }
  },
  "facebook-bart-large-mnli": {
    "comparative_not": {
      "P@1": 0.0,
      "P@2": 0.0,
      "P@3": 0.03333333333333333,
      "MRR": 0.19952380952380952,
      "NDCG@3": 0.3034690454883934
    },
    "explicit_not": {
      "P@1": 0.3,
      "P@2": 0.35,
      "P@3": 0.3,
      "MRR": 0.5916666666666666,
      "NDCG@3": 0.5862367863207097
    },
    "implicit_not": {
      "P@1": 0.1,
      "P@2": 0.1,
      "P@3": 0.1,
      "MRR": 0.3019047619047619,
      "NDCG@3": 0.3570218302052141
    },
    "prohibition_not": {
      "P@1": 0.0,
      "P@2": 0.0,
      "P@3": 0.0,
      "MRR": 0.15833333333333333,
      "NDCG@3": 0.11703352410856196
    },
    "scope_not": {
      "P@1": 0.1,
      "P@2": 0.05,
      "P@3": 0.03333333333333333,
      "MRR": 0.2611904761904762,
      "NDCG@3": 0.23893529055745302
    }
  },
  "microsoft-deberta-large-mnli": {
    "comparative_not": {
      "P@1": 0.0,
      "P@2": 0.0,
      "P@3": 0.03333333333333333,
      "MRR": 0.19357142857142856,
      "NDCG@3": 0.23149569783331528
    },
    "explicit_not": {
      "P@1": 0.0,
      "P@2": 0.0,
      "P@3": 0.03333333333333333,
      "MRR": 0.19857142857142857,
      "NDCG@3": 0.393145379869383
    },
    "implicit_not": {
      "P@1": 0.2,
      "P@2": 0.2,
      "P@3": 0.13333333333333333,
      "MRR": 0.3938095238095238,
      "NDCG@3": 0.4940953370741351
    },
    "prohibition_not": {
      "P@1": 0.1,
      "P@2": 0.2,
      "P@3": 0.16666666666666666,
      "MRR": 0.36857142857142855,
      "NDCG@3": 0.501648749763524
    },
    "scope_not": {
      "P@1": 0.0,
      "P@2": 0.05,
      "P@3": 0.03333333333333333,
      "MRR": 0.2145238095238095,
      "NDCG@3": 0.3454427124483912
    }
  },
  "prajjwal1-albert-base-v2-mnli": {
    "comparative_not": {
      "P@1": 0.0,
      "P@2": 0.1,
      "P@3": 0.06666666666666667,
      "MRR": 0.22976190476190475,
      "NDCG@3": 0.33707189395799564
    },
    "explicit_not": {
      "P@1": 0.0,
      "P@2": 0.05,
      "P@3": 0.13333333333333333,
      "MRR": 0.2702380952380952,
      "NDCG@3": 0.3082203334841921
    },
    "implicit_not": {
      "P@1": 0.1,
      "P@2": 0.05,
      "P@3": 0.13333333333333333,
      "MRR": 0.3071428571428571,
      "NDCG@3": 0.3620736543192427
    },
    "prohibition_not": {
      "P@1": 0.0,
      "P@2": 0.05,
      "P@3": 0.06666666666666667,
      "MRR": 0.2235714285714286,
      "NDCG@3": 0.1931222614353833
    },
    "scope_not": {
      "P@1": 0.1,
      "P@2": 0.05,
      "P@3": 0.06666666666666667,
      "MRR": 0.2828571428571428,
      "NDCG@3": 0.2574675709623445
    }
  },
  "pritamdeka-PubMedBERT-MNLI-MedNLI": {
    "comparative_not": {
      "P@1": 0.1,
      "P@2": 0.1,
      "P@3": 0.1,
      "MRR": 0.31595238095238093,
      "NDCG@3": 0.35356397789497274
    },
    "explicit_not": {
      "P@1": 0.3,
      "P@2": 0.3,
      "P@3": 0.19999999999999998,
      "MRR": 0.5366666666666667,
      "NDCG@3": 0.5689482719298985
    },
    "implicit_not": {
      "P@1": 0.1,
      "P@2": 0.1,
      "P@3": 0.1,
      "MRR": 0.3192857142857143,
      "NDCG@3": 0.44832774676711395
    },
    "prohibition_not": {
      "P@1": 0.0,
      "P@2": 0.05,
      "P@3": 0.03333333333333333,
      "MRR": 0.2235714285714286,
      "NDCG@3": 0.1581367262043289
    },
    "scope_not": {
      "P@1": 0.1,
      "P@2": 0.05,
      "P@3": 0.1,
      "MRR": 0.2828571428571428,
      "NDCG@3": 0.28911281104967834
    }
  },
  "roberta-large-mnli": {
    "comparative_not": {
      "P@1": 0.0,
      "P@2": 0.0,
      "P@3": 0.0,
      "MRR": 0.1580952380952381,
      "NDCG@3": 0.24084799401825302
    },
    "explicit_not": {
      "P@1": 0.6,
      "P@2": 0.45,
      "P@3": 0.3,
      "MRR": 0.7666666666666667,
      "NDCG@3": 0.7044983943133941
    },
    "implicit_not": {
      "P@1": 0.0,
      "P@2": 0.1,
      "P@3": 0.1,
      "MRR": 0.25357142857142856,
      "NDCG@3": 0.3066645373474954
    },
    "prohibition_not": {
      "P@1": 0.0,
      "P@2": 0.0,
      "P@3": 0.0,
      "MRR": 0.1580952380952381,
      "NDCG@3": 0.13182220899608046
    },
    "scope_not": {
      "P@1": 0.1,
      "P@2": 0.05,
      "P@3": 0.1,
      "MRR": 0.2911904761904761,
      "NDCG@3": 0.23399179622583327
    }
  },
  "typeform-distilbert-base-uncased-mnli": {
    "comparative_not": {
      "P@1": 0.0,
      "P@2": 0.05,
      "P@3": 0.03333333333333333,
      "MRR": 0.20309523809523808,
      "NDCG@3": 0.2546209920846804
    },
    "explicit_not": {
      "P@1": 0.0,
      "P@2": 0.05,
      "P@3": 0.06666666666666667,
      "MRR": 0.2188095238095238,
      "NDCG@3": 0.4014926508661979
    },
    "implicit_not": {
      "P@1": 0.2,
      "P@2": 0.25,
      "P@3": 0.16666666666666666,
      "MRR": 0.3988095238095238,
      "NDCG@3": 0.49660714865733835
    },
    "prohibition_not": {
      "P@1": 0.0,
      "P@2": 0.0,
      "P@3": 0.03333333333333333,
      "MRR": 0.20500000000000002,
      "NDCG@3": 0.29997665972755405
    },
    "scope_not": {
      "P@1": 0.2,
      "P@2": 0.1,
      "P@3": 0.1,
      "MRR": 0.35428571428571426,
      "NDCG@3": 0.387579606171127
    }
  }
}