{
  "query_type_analysis": {
    "comparative_not": {
      "count": 10,
      "BGE": {
        "P@1": 0.3,
        "P@2": 0.3,
        "P@3": 0.3,
        "MRR": 0.57,
        "NDCG@3": 0.7175182267253165
      },
      "Roberta": {
        "P@1": 0.4,
        "P@2": 0.25,
        "P@3": 0.23333333333333334,
        "MRR": 0.5866666666666667,
        "NDCG@3": 0.6955148401863495
      },
      "p_values": {
        "P@1": 0.5910512317836047,
        "NDCG@3": 0.8277200651220389,
        "P@3": 0.34343639613791355,
        "MRR": 0.8907483796884844,
        "P@2": 0.5910512317836047
      }
    },
    "explicit_not": {
      "count": 10,
      "BGE": {
        "P@1": 0.1,
        "P@2": 0.15,
        "P@3": 0.26666666666666666,
        "MRR": 0.4033333333333333,
        "NDCG@3": 0.5315130234573286
      },
      "Roberta": {
        "P@1": 0.0,
        "P@2": 0.0,
        "P@3": 0.0,
        "MRR": 0.17142857142857143,
        "NDCG@3": 0.32481558715717973
      },
      "p_values": {
        "P@1": 0.34343639613791355,
        "NDCG@3": 0.027913190191323878,
        "P@3": 0.00020249932206764027,
        "MRR": 0.014014505803753711,
        "P@2": 0.08112618884584051
      }
    },
    "implicit_not": {
      "count": 10,
      "BGE": {
        "P@1": 0.2,
        "P@2": 0.25,
        "P@3": 0.19999999999999998,
        "MRR": 0.44857142857142857,
        "NDCG@3": 0.5024692431317209
      },
      "Roberta": {
        "P@1": 0.3,
        "P@2": 0.2,
        "P@3": 0.26666666666666666,
        "MRR": 0.5119047619047619,
        "NDCG@3": 0.5890610715304072
      },
      "p_values": {
        "P@1": 0.5910512317836047,
        "NDCG@3": 0.35731547931524277,
        "P@3": 0.16785065605707483,
        "MRR": 0.6244701443103169,
        "P@2": 0.6783097418055797
      }
    },
    "prohibition_not": {
      "count": 10,
      "BGE": {
        "P@1": 0.2,
        "P@2": 0.3,
        "P@3": 0.2666666666666667,
        "MRR": 0.5166666666666666,
        "NDCG@3": 0.6996452044537771
      },
      "Roberta": {
        "P@1": 0.2,
        "P@2": 0.2,
        "P@3": 0.2,
        "MRR": 0.4533333333333334,
        "NDCG@3": 0.54253873060096
      },
      "p_values": {
        "P@1": 1.0,
        "NDCG@3": 0.16257404169146342,
        "P@3": 0.44333185016966015,
        "MRR": 0.6919265716064918,
        "P@2": 0.44333185016966015
      }
    },
    "scope_not": {
      "count": 10,
      "BGE": {
        "P@1": 0.2,
        "P@2": 0.3,
        "P@3": 0.2666666666666667,
        "MRR": 0.4999999999999999,
        "NDCG@3": 0.5261952416668495
      },
      "Roberta": {
        "P@1": 0.4,
        "P@2": 0.25,
        "P@3": 0.33333333333333337,
        "MRR": 0.5976190476190475,
        "NDCG@3": 0.682292917770096
      },
      "p_values": {
        "P@1": 0.44333185016966015,
        "NDCG@3": 0.23584296527995396,
        "P@3": 0.44333185016966015,
        "MRR": 0.5982496339009155,
        "P@2": 0.6783097418055797
      }
    }
  },
  "combined_analysis": {
    "metadata": {
      "total_documents": 50,
      "best_configuration": "thresh_0.120_steep_15.0",
      "best_configuration_score": 0.4133105316918424,
      "config_composite_scores": {
        "thresh_0.120_steep_15.0": 0.4133105316918424
      },
      "docs_with_best_config": 50,
      "detected_query_types": [
        "comparative_not",
        "explicit_not",
        "implicit_not",
        "prohibition_not",
        "scope_not"
      ],
      "selection_criteria": "Weighted composite score (P@1:40%, MRR:30%, NDCG@3:30%)",
      "config_distribution_all": {
        "thresh_0.120_steep_15.0": 50
      },
      "config_distribution_scope_not": {
        "thresh_0.120_steep_15.0": 10
      },
      "config_distribution_implicit_not": {
        "thresh_0.120_steep_15.0": 10
      },
      "config_distribution_comparative_not": {
        "thresh_0.120_steep_15.0": 10
      },
      "config_distribution_prohibition_not": {
        "thresh_0.120_steep_15.0": 10
      },
      "config_distribution_explicit_not": {
        "thresh_0.120_steep_15.0": 10
      }
    },
    "overall_comparison": {
      "BGE": {
        "P@1": 0.2,
        "P@2": 0.26,
        "P@3": 0.26,
        "MRR": 0.48771428571428566,
        "NDCG@3": 0.5954681878869986
      },
      "Roberta": {
        "P@1": 0.26,
        "P@2": 0.18,
        "P@3": 0.20666666666666664,
        "MRR": 0.46419047619047626,
        "NDCG@3": 0.5668446294489985
      },
      "p_values": {
        "P@1": 0.47242445437732383,
        "NDCG@3": 0.5456950644958989,
        "P@3": 0.11762182140660446,
        "MRR": 0.698020026964485,
        "P@2": 0.0881661872863131
      }
    }
  },
  "metric_specific_analysis": {
    "P@1": {
      "overall_means": {
        "thresh_0.120_steep_15.0": 0.26
      },
      "by_query_type": {
        "scope_not": {
          "count": 10,
          "config_means": {
            "thresh_0.120_steep_15.0": 0.4
          },
          "top_configs": [
            [
              "thresh_0.120_steep_15.0",
              0.4
            ]
          ]
        },
        "implicit_not": {
          "count": 10,
          "config_means": {
            "thresh_0.120_steep_15.0": 0.3
          },
          "top_configs": [
            [
              "thresh_0.120_steep_15.0",
              0.3
            ]
          ]
        },
        "comparative_not": {
          "count": 10,
          "config_means": {
            "thresh_0.120_steep_15.0": 0.4
          },
          "top_configs": [
            [
              "thresh_0.120_steep_15.0",
              0.4
            ]
          ]
        },
        "prohibition_not": {
          "count": 10,
          "config_means": {
            "thresh_0.120_steep_15.0": 0.2
          },
          "top_configs": [
            [
              "thresh_0.120_steep_15.0",
              0.2
            ]
          ]
        },
        "explicit_not": {
          "count": 10,
          "config_means": {
            "thresh_0.120_steep_15.0": 0.0
          },
          "top_configs": [
            [
              "thresh_0.120_steep_15.0",
              0.0
            ]
          ]
        }
      }
    },
    "MRR": {
      "overall_means": {
        "thresh_0.120_steep_15.0": 0.46419047619047626
      },
      "by_query_type": {
        "scope_not": {
          "count": 10,
          "config_means": {
            "thresh_0.120_steep_15.0": 0.5976190476190475
          },
          "top_configs": [
            [
              "thresh_0.120_steep_15.0",
              0.5976190476190475
            ]
          ]
        },
        "implicit_not": {
          "count": 10,
          "config_means": {
            "thresh_0.120_steep_15.0": 0.5119047619047619
          },
          "top_configs": [
            [
              "thresh_0.120_steep_15.0",
              0.5119047619047619
            ]
          ]
        },
        "comparative_not": {
          "count": 10,
          "config_means": {
            "thresh_0.120_steep_15.0": 0.5866666666666667
          },
          "top_configs": [
            [
              "thresh_0.120_steep_15.0",
              0.5866666666666667
            ]
          ]
        },
        "prohibition_not": {
          "count": 10,
          "config_means": {
            "thresh_0.120_steep_15.0": 0.4533333333333334
          },
          "top_configs": [
            [
              "thresh_0.120_steep_15.0",
              0.4533333333333334
            ]
          ]
        },
        "explicit_not": {
          "count": 10,
          "config_means": {
            "thresh_0.120_steep_15.0": 0.17142857142857143
          },
          "top_configs": [
            [
              "thresh_0.120_steep_15.0",
              0.17142857142857143
            ]
          ]
        }
      }
    },
    "NDCG@3": {
      "overall_means": {
        "thresh_0.120_steep_15.0": 0.5668446294489985
      },