{
  "query_type_analysis": {
    "comparative_not": {
      "count": 10,
      "BGE": {
        "P@1": 0.3,
        "P@2": 0.3,
        "P@3": 0.3,
        "MRR": 0.57,
        "NDCG@3": 0.7175182267253165
      },
      "Roberta": {
        "P@1": 0.0,
        "P@2": 0.05,
        "P@3": 0.03333333333333333,
        "MRR": 0.20309523809523808,
        "NDCG@3": 0.2546209920846804
      },
      "p_values": {
        "P@1": 0.08112618884584075,
        "NDCG@3": 0.00033999953669478834,
        "P@3": 0.00020249932206764005,
        "MRR": 0.008762633601638758,
        "P@2": 0.052177242798819065
      }
    },
    "explicit_not": {
      "count": 10,
      "BGE": {
        "P@1": 0.1,
        "P@2": 0.15,
        "P@3": 0.26666666666666666,
        "MRR": 0.4033333333333333,
        "NDCG@3": 0.5315130234573286
      },
      "Roberta": {
        "P@1": 0.0,
        "P@2": 0.05,
        "P@3": 0.06666666666666667,
        "MRR": 0.2188095238095238,
        "NDCG@3": 0.4014926508661979
      },
      "p_values": {
        "P@1": 0.34343639613791355,
        "NDCG@3": 0.1261788042281032,
        "P@3": 0.005121072764272635,
        "MRR": 0.01883066746346904,
        "P@2": 0.16785065605707492
      }
    },
    "implicit_not": {
      "count": 10,
      "BGE": {
        "P@1": 0.2,
        "P@2": 0.25,
        "P@3": 0.19999999999999998,
        "MRR": 0.44857142857142857,
        "NDCG@3": 0.5024692431317209
      },
      "Roberta": {
        "P@1": 0.2,
        "P@2": 0.25,
        "P@3": 0.16666666666666666,
        "MRR": 0.3988095238095238,
        "NDCG@3": 0.49660714865733835
      },
      "p_values": {
        "P@1": 1.0,
        "NDCG@3": 0.9626562167653555,
        "P@3": 0.7263142108887259,
        "MRR": 0.7914306805548048,
        "P@2": 1.0
      }
    },
    "prohibition_not": {
      "count": 10,
      "BGE": {
        "P@1": 0.2,
        "P@2": 0.3,
        "P@3": 0.2666666666666667,
        "MRR": 0.5166666666666666,
        "NDCG@3": 0.6996452044537771
      },
      "Roberta": {
        "P@1": 0.0,
        "P@2": 0.0,
        "P@3": 0.03333333333333333,
        "MRR": 0.20500000000000002,
        "NDCG@3": 0.29997665972755405
      },
      "p_values": {
        "P@1": 0.16785065605707492,
        "NDCG@3": 0.0003163540825953175,
        "P@3": 0.009534613041301043,
        "MRR": 0.006473398477447321,
        "P@2": 0.005121072764272635
      }
    },
    "scope_not": {
      "count": 10,
      "BGE": {
        "P@1": 0.2,
        "P@2": 0.3,
        "P@3": 0.2666666666666667,
        "MRR": 0.4999999999999999,
        "NDCG@3": 0.5261952416668495
      },
      "Roberta": {
        "P@1": 0.2,
        "P@2": 0.1,
        "P@3": 0.1,
        "MRR": 0.35428571428571426,
        "NDCG@3": 0.387579606171127
      },
      "p_values": {
        "P@1": 1.0,
        "NDCG@3": 0.25160821435105984,
        "P@3": 0.17726770250560828,
        "MRR": 0.25836429977976105,
        "P@2": 0.1038881310621017
      }
    }
  },
  "combined_analysis": {
    "metadata": {
      "total_documents": 50,
      "best_configuration": "thresh_0.120_steep_15.0",
      "best_configuration_score": 0.22521662345041388,
      "config_composite_scores": {
        "thresh_0.120_steep_15.0": 0.22521662345041388
      },
      "docs_with_best_config": 50,
      "detected_query_types": [
        "comparative_not",
        "explicit_not",
        "implicit_not",
        "prohibition_not",
        "scope_not"
      ],
      "selection_criteria": "Weighted composite score (P@1:40%, MRR:30%, NDCG@3:30%)",
      "config_distribution_all": {
        "thresh_0.120_steep_15.0": 50
      },
      "config_distribution_scope_not": {
        "thresh_0.120_steep_15.0": 10
      },
      "config_distribution_implicit_not": {
        "thresh_0.120_steep_15.0": 10
      },
      "config_distribution_comparative_not": {
        "thresh_0.120_steep_15.0": 10
      },
      "config_distribution_prohibition_not": {
        "thresh_0.120_steep_15.0": 10
      },
      "config_distribution_explicit_not": {
        "thresh_0.120_steep_15.0": 10
      }
    },
    "overall_comparison": {
      "BGE": {
        "P@1": 0.2,
        "P@2": 0.26,
        "P@3": 0.26,
        "MRR": 0.48771428571428566,
        "NDCG@3": 0.5954681878869986
      },
      "Roberta": {
        "P@1": 0.08,
        "P@2": 0.09,
        "P@3": 0.08,
        "MRR": 0.27599999999999997,
        "NDCG@3": 0.36805541150137955
      },
      "p_values": {
        "P@1": 0.08319896692938429,
        "NDCG@3": 1.7911462695088825e-05,
        "P@3": 7.378984192413762e-06,
        "MRR": 0.00027327542548683377,
        "P@2": 0.0015566941417139199
      }
    }
  },
  "metric_specific_analysis": {
    "P@1": {
      "overall_means": {
        "thresh_0.120_steep_15.0": 0.08
      },
      "by_query_type": {
        "scope_not": {
          "count": 10,
          "config_means": {
            "thresh_0.120_steep_15.0": 0.2
          },
          "top_configs": [
            [
              "thresh_0.120_steep_15.0",
              0.2
            ]
          ]
        },
        "implicit_not": {
          "count": 10,
          "config_means": {
            "thresh_0.120_steep_15.0": 0.2
          },
          "top_configs": [
            [
              "thresh_0.120_steep_15.0",
              0.2
            ]
          ]
        },
        "comparative_not": {
          "count": 10,
          "config_means": {
            "thresh_0.120_steep_15.0": 0.0
          },
          "top_configs": [
            [
              "thresh_0.120_steep_15.0",
              0.0
            ]
          ]
        },
        "prohibition_not": {
          "count": 10,
          "config_means": {
            "thresh_0.120_steep_15.0": 0.0
          },
          "top_configs": [
            [
              "thresh_0.120_steep_15.0",
              0.0
            ]
          ]
        },
        "explicit_not": {
          "count": 10,
          "config_means": {
            "thresh_0.120_steep_15.0": 0.0
          },
          "top_configs": [
            [
              "thresh_0.120_steep_15.0",
              0.0
            ]
          ]
        }
      }
    },
    "MRR": {
      "overall_means": {
        "thresh_0.120_steep_15.0": 0.27599999999999997
      },
      "by_query_type": {
        "scope_not": {
          "count": 10,
          "config_means": {
            "thresh_0.120_steep_15.0": 0.35428571428571426
          },
          "top_configs": [
            [
              "thresh_0.120_steep_15.0",
              0.35428571428571426
            ]
          ]
        },
        "implicit_not": {
          "count": 10,
          "config_means": {
            "thresh_0.120_steep_15.0": 0.3988095238095238
          },
          "top_configs": [
            [
              "thresh_0.120_steep_15.0",
              0.3988095238095238
            ]
          ]
        },
        "comparative_not": {
          "count": 10,
          "config_means": {
            "thresh_0.120_steep_15.0": 0.20309523809523808
          },
          "top_configs": [
            [
              "thresh_0.120_steep_15.0",
              0.20309523809523808
            ]
          ]
        },
        "prohibition_not": {
          "count": 10,
          "config_means": {
            "thresh_0.120_steep_15.0": 0.20500000000000002
          },
          "top_configs": [
            [
              "thresh_0.120_steep_15.0",
              0.20500000000000002
            ]
          ]
        },
        "explicit_not": {
          "count": 10,
          "config_means": {
            "thresh_0.120_steep_15.0": 0.2188095238095238
          },
          "top_configs": [
            [
              "thresh_0.120_steep_15.0",
              0.2188095238095238
            ]
          ]
        }
      }
    },
    "NDCG@3": {
      "overall_means": {
        "thresh_0.120_steep_15.0": 0.36805541150137955
      },