{
  "query_type_analysis": {
    "comparative_not": {
      "count": 10,
      "BGE": {
        "P@1": 0.3,
        "P@2": 0.3,
        "P@3": 0.3,
        "MRR": 0.57,
        "NDCG@3": 0.7175182267253165
      },
      "Roberta": {
        "P@1": 0.0,
        "P@2": 0.0,
        "P@3": 0.0,
        "MRR": 0.1580952380952381,
        "NDCG@3": 0.24084799401825302
      },
      "p_values": {
        "P@1": 0.08112618884584075,
        "NDCG@3": 0.00011856344434879319,
        "P@3": 8.538051223166285e-06,
        "MRR": 0.0024124865026801823,
        "P@2": 0.005121072764272635
      }
    },
    "explicit_not": {
      "count": 10,
      "BGE": {
        "P@1": 0.1,
        "P@2": 0.15,
        "P@3": 0.26666666666666666,
        "MRR": 0.4033333333333333,
        "NDCG@3": 0.5315130234573286
      },
      "Roberta": {
        "P@1": 0.6,
        "P@2": 0.45,
        "P@3": 0.3,
        "MRR": 0.7666666666666667,
        "NDCG@3": 0.7044983943133941
      },
      "p_values": {
        "P@1": 0.014956363910414203,
        "NDCG@3": 0.024479664196007056,
        "P@3": 0.34343639613791355,
        "MRR": 0.0045983677603109955,
        "P@2": 0.005121072764272635
      }
    },
    "implicit_not": {
      "count": 10,
      "BGE": {
        "P@1": 0.2,
        "P@2": 0.25,
        "P@3": 0.19999999999999998,
        "MRR": 0.44857142857142857,
        "NDCG@3": 0.5024692431317209
      },
      "Roberta": {
        "P@1": 0.0,
        "P@2": 0.1,
        "P@3": 0.1,
        "MRR": 0.25357142857142856,
        "NDCG@3": 0.3066645373474954
      },
      "p_values": {
        "P@1": 0.16785065605707492,
        "NDCG@3": 0.0027307173300057572,
        "P@3": 0.08112618884584051,
        "MRR": 0.0357851311168085,
        "P@2": 0.08112618884584051
      }
    },
    "prohibition_not": {
      "count": 10,
      "BGE": {
        "P@1": 0.2,
        "P@2": 0.3,
        "P@3": 0.2666666666666667,
        "MRR": 0.5166666666666666,
        "NDCG@3": 0.6996452044537771
      },
      "Roberta": {
        "P@1": 0.0,
        "P@2": 0.0,
        "P@3": 0.0,
        "MRR": 0.1580952380952381,
        "NDCG@3": 0.13182220899608046
      },
      "p_values": {
        "P@1": 0.16785065605707492,
        "NDCG@3": 2.3187314855623482e-06,
        "P@3": 0.00020249932206764005,
        "MRR": 0.0028313521840013646,
        "P@2": 0.005121072764272635
      }
    },
    "scope_not": {
      "count": 10,
      "BGE": {
        "P@1": 0.2,
        "P@2": 0.3,
        "P@3": 0.2666666666666667,
        "MRR": 0.4999999999999999,
        "NDCG@3": 0.5261952416668495
      },
      "Roberta": {
        "P@1": 0.1,
        "P@2": 0.05,
        "P@3": 0.1,
        "MRR": 0.2911904761904761,
        "NDCG@3": 0.23399179622583327
      },
      "p_values": {
        "P@1": 0.34343639613791355,
        "NDCG@3": 0.004682913742122293,
        "P@3": 0.014956363910414203,
        "MRR": 0.011148032063024029,
        "P@2": 0.014956363910414203
      }
    }
  },
  "combined_analysis": {
    "metadata": {
      "total_documents": 50,
      "best_configuration": "thresh_0.120_steep_15.0",
      "best_configuration_score": 0.25072663871120615,
      "config_composite_scores": {
        "thresh_0.120_steep_15.0": 0.25072663871120615
      },
      "docs_with_best_config": 50,
      "detected_query_types": [
        "comparative_not",
        "explicit_not",
        "implicit_not",
        "prohibition_not",
        "scope_not"
      ],
      "selection_criteria": "Weighted composite score (P@1:40%, MRR:30%, NDCG@3:30%)",
      "config_distribution_all": {
        "thresh_0.120_steep_15.0": 50
      },
      "config_distribution_scope_not": {
        "thresh_0.120_steep_15.0": 10
      },
      "config_distribution_implicit_not": {
        "thresh_0.120_steep_15.0": 10
      },
      "config_distribution_comparative_not": {
        "thresh_0.120_steep_15.0": 10
      },
      "config_distribution_prohibition_not": {
        "thresh_0.120_steep_15.0": 10
      },
      "config_distribution_explicit_not": {
        "thresh_0.120_steep_15.0": 10
      }
    },
    "overall_comparison": {
      "BGE": {
        "P@1": 0.2,
        "P@2": 0.26,
        "P@3": 0.26,
        "MRR": 0.48771428571428566,
        "NDCG@3": 0.5954681878869986
      },
      "Roberta": {
        "P@1": 0.14,
        "P@2": 0.12,
        "P@3": 0.1,
        "MRR": 0.3255238095238095,
        "NDCG@3": 0.32356498618021123
      },
      "p_values": {
        "P@1": 0.41087238535483717,
        "NDCG@3": 3.435796214286172e-07,
        "P@3": 9.845424546994049e-08,
        "MRR": 0.0042843899199606515,
        "P@2": 0.004868599394135907
      }
    }
  },
  "metric_specific_analysis": {
    "P@1": {
      "overall_means": {
        "thresh_0.120_steep_15.0": 0.14
      },
      "by_query_type": {
        "scope_not": {
          "count": 10,
          "config_means": {
            "thresh_0.120_steep_15.0": 0.1
          },
          "top_configs": [
            [
              "thresh_0.120_steep_15.0",
              0.1
            ]
          ]
        },
        "implicit_not": {
          "count": 10,
          "config_means": {
            "thresh_0.120_steep_15.0": 0.0
          },
          "top_configs": [
            [
              "thresh_0.120_steep_15.0",
              0.0
            ]
          ]
        },
        "comparative_not": {
          "count": 10,
          "config_means": {
            "thresh_0.120_steep_15.0": 0.0
          },
          "top_configs": [
            [
              "thresh_0.120_steep_15.0",
              0.0
            ]
          ]
        },
        "prohibition_not": {
          "count": 10,
          "config_means": {
            "thresh_0.120_steep_15.0": 0.0
          },
          "top_configs": [
            [
              "thresh_0.120_steep_15.0",
              0.0
            ]
          ]
        },
        "explicit_not": {
          "count": 10,
          "config_means": {
            "thresh_0.120_steep_15.0": 0.6
          },
          "top_configs": [
            [
              "thresh_0.120_steep_15.0",
              0.6
            ]
          ]
        }
      }
    },
    "MRR": {
      "overall_means": {
        "thresh_0.120_steep_15.0": 0.3255238095238095
      },
      "by_query_type": {
        "scope_not": {
          "count": 10,
          "config_means": {
            "thresh_0.120_steep_15.0": 0.2911904761904761
          },
          "top_configs": [
            [
              "thresh_0.120_steep_15.0",
              0.2911904761904761
            ]
          ]
        },
        "implicit_not": {
          "count": 10,
          "config_means": {
            "thresh_0.120_steep_15.0": 0.25357142857142856
          },
          "top_configs": [
            [
              "thresh_0.120_steep_15.0",
              0.25357142857142856
            ]
          ]
        },
        "comparative_not": {
          "count": 10,
          "config_means": {
            "thresh_0.120_steep_15.0": 0.1580952380952381
          },
          "top_configs": [
            [
              "thresh_0.120_steep_15.0",
              0.1580952380952381
            ]
          ]
        },
        "prohibition_not": {
          "count": 10,
          "config_means": {
            "thresh_0.120_steep_15.0": 0.1580952380952381
          },
          "top_configs": [
            [
              "thresh_0.120_steep_15.0",
              0.1580952380952381
            ]
          ]
        },
        "explicit_not": {
          "count": 10,
          "config_means": {
            "thresh_0.120_steep_15.0": 0.7666666666666667
          },
          "top_configs": [
            [
              "thresh_0.120_steep_15.0",
              0.7666666666666667
            ]
          ]
        }
      }
    },
    "NDCG@3": {
      "overall_means": {
        "thresh_0.120_steep_15.0": 0.32356498618021123
      },