{
  "query_type_analysis": {
    "comparative_not": {
      "count": 10,
      "BGE": {
        "P@1": 0.3,
        "P@2": 0.3,
        "P@3": 0.3,
        "MRR": 0.57,
        "NDCG@3": 0.7175182267253165
      },
      "Roberta": {
        "P@1": 0.0,
        "P@2": 0.1,
        "P@3": 0.06666666666666667,
        "MRR": 0.22976190476190475,
        "NDCG@3": 0.33707189395799564
      },
      "p_values": {
        "P@1": 0.08112618884584075,
        "NDCG@3": 0.0004924943326909762,
        "P@3": 0.0013229505842674947,
        "MRR": 0.006871046707712654,
        "P@2": 0.036787497879786135
      }
    },
    "explicit_not": {
      "count": 10,
      "BGE": {
        "P@1": 0.1,
        "P@2": 0.15,
        "P@3": 0.26666666666666666,
        "MRR": 0.4033333333333333,
        "NDCG@3": 0.5315130234573286
      },
      "Roberta": {
        "P@1": 0.0,
        "P@2": 0.05,
        "P@3": 0.13333333333333333,
        "MRR": 0.2702380952380952,
        "NDCG@3": 0.3082203334841921
      },
      "p_values": {
        "P@1": 0.34343639613791355,
        "NDCG@3": 0.0028808058845569457,
        "P@3": 0.036787497879786135,
        "MRR": 0.12541656359956976,
        "P@2": 0.34343639613791355
      }
    },
    "implicit_not": {
      "count": 10,
      "BGE": {
        "P@1": 0.2,
        "P@2": 0.25,
        "P@3": 0.19999999999999998,
        "MRR": 0.44857142857142857,
        "NDCG@3": 0.5024692431317209
      },
      "Roberta": {
        "P@1": 0.1,
        "P@2": 0.05,
        "P@3": 0.13333333333333333,
        "MRR": 0.3071428571428571,
        "NDCG@3": 0.3620736543192427
      },
      "p_values": {
        "P@1": 0.5910512317836045,
        "NDCG@3": 0.06376428334843548,
        "P@3": 0.34343639613791355,
        "MRR": 0.3048214848604127,
        "P@2": 0.036787497879786135
      }
    },
    "prohibition_not": {
      "count": 10,
      "BGE": {
        "P@1": 0.2,
        "P@2": 0.3,
        "P@3": 0.2666666666666667,
        "MRR": 0.5166666666666666,
        "NDCG@3": 0.6996452044537771
      },
      "Roberta": {
        "P@1": 0.0,
        "P@2": 0.05,
        "P@3": 0.06666666666666667,
        "MRR": 0.2235714285714286,
        "NDCG@3": 0.1931222614353833
      },
      "p_values": {
        "P@1": 0.16785065605707492,
        "NDCG@3": 0.0001214860695953817,
        "P@3": 0.02385638454012202,
        "MRR": 0.012816248183842012,
        "P@2": 0.052177242798819065
      }
    },
    "scope_not": {
      "count": 10,
      "BGE": {
        "P@1": 0.2,
        "P@2": 0.3,
        "P@3": 0.2666666666666667,
        "MRR": 0.4999999999999999,
        "NDCG@3": 0.5261952416668495
      },
      "Roberta": {
        "P@1": 0.1,
        "P@2": 0.05,
        "P@3": 0.06666666666666667,
        "MRR": 0.2828571428571428,
        "NDCG@3": 0.2574675709623445
      },
      "p_values": {
        "P@1": 0.34343639613791355,
        "NDCG@3": 0.01370091968167859,
        "P@3": 0.05100326070695081,
        "MRR": 0.017861302538844045,
        "P@2": 0.014956363910414203
      }
    }
  },
  "combined_analysis": {
    "metadata": {
      "total_documents": 50,
      "best_configuration": "thresh_0.120_steep_15.0",
      "best_configuration_score": 0.18229162856383518,
      "config_composite_scores": {
        "thresh_0.120_steep_15.0": 0.18229162856383518
      },
      "docs_with_best_config": 50,
      "detected_query_types": [
        "comparative_not",
        "explicit_not",
        "implicit_not",
        "prohibition_not",
        "scope_not"
      ],
      "selection_criteria": "Weighted composite score (P@1:40%, MRR:30%, NDCG@3:30%)",
      "config_distribution_all": {
        "thresh_0.120_steep_15.0": 50
      },
      "config_distribution_scope_not": {
        "thresh_0.120_steep_15.0": 10
      },
      "config_distribution_implicit_not": {
        "thresh_0.120_steep_15.0": 10
      },
      "config_distribution_comparative_not": {
        "thresh_0.120_steep_15.0": 10
      },
      "config_distribution_prohibition_not": {
        "thresh_0.120_steep_15.0": 10
      },
      "config_distribution_explicit_not": {
        "thresh_0.120_steep_15.0": 10
      }
    },
    "overall_comparison": {
      "BGE": {
        "P@1": 0.2,
        "P@2": 0.26,
        "P@3": 0.26,
        "MRR": 0.48771428571428566,
        "NDCG@3": 0.5954681878869986
      },
      "Roberta": {
        "P@1": 0.04,
        "P@2": 0.06,
        "P@3": 0.09333333333333332,
        "MRR": 0.2627142857142857,
        "NDCG@3": 0.29159114283183163
      },
      "p_values": {
        "P@1": 0.009949152542398532,
        "NDCG@3": 4.6526772115986126e-11,
        "P@3": 1.5373827575530142e-06,
        "MRR": 3.868330856196154e-06,
        "P@2": 9.189352704609621e-06
      }
    }
  },
  "metric_specific_analysis": {
    "P@1": {
      "overall_means": {
        "thresh_0.120_steep_15.0": 0.04
      },
      "by_query_type": {
        "scope_not": {
          "count": 10,
          "config_means": {
            "thresh_0.120_steep_15.0": 0.1
          },
          "top_configs": [
            [
              "thresh_0.120_steep_15.0",
              0.1
            ]
          ]
        },
        "implicit_not": {
          "count": 10,
          "config_means": {
            "thresh_0.120_steep_15.0": 0.1
          },
          "top_configs": [
            [
              "thresh_0.120_steep_15.0",
              0.1
            ]
          ]
        },
        "comparative_not": {
          "count": 10,
          "config_means": {
            "thresh_0.120_steep_15.0": 0.0
          },
          "top_configs": [
            [
              "thresh_0.120_steep_15.0",
              0.0
            ]
          ]
        },
        "prohibition_not": {
          "count": 10,
          "config_means": {
            "thresh_0.120_steep_15.0": 0.0
          },
          "top_configs": [
            [
              "thresh_0.120_steep_15.0",
              0.0
            ]
          ]
        },
        "explicit_not": {
          "count": 10,
          "config_means": {
            "thresh_0.120_steep_15.0": 0.0
          },
          "top_configs": [
            [
              "thresh_0.120_steep_15.0",
              0.0
            ]
          ]
        }
      }
    },
    "MRR": {
      "overall_means": {
        "thresh_0.120_steep_15.0": 0.2627142857142857
      },
      "by_query_type": {
        "scope_not": {
          "count": 10,
          "config_means": {
            "thresh_0.120_steep_15.0": 0.2828571428571428
          },
          "top_configs": [
            [
              "thresh_0.120_steep_15.0",
              0.2828571428571428
            ]
          ]
        },
        "implicit_not": {
          "count": 10,
          "config_means": {
            "thresh_0.120_steep_15.0": 0.3071428571428571
          },
          "top_configs": [
            [
              "thresh_0.120_steep_15.0",
              0.3071428571428571
            ]
          ]
        },
        "comparative_not": {
          "count": 10,
          "config_means": {
            "thresh_0.120_steep_15.0": 0.22976190476190475
          },
          "top_configs": [
            [
              "thresh_0.120_steep_15.0",
              0.22976190476190475
            ]
          ]
        },
        "prohibition_not": {
          "count": 10,
          "config_means": {
            "thresh_0.120_steep_15.0": 0.2235714285714286
          },
          "top_configs": [
            [
              "thresh_0.120_steep_15.0",
              0.2235714285714286
            ]
          ]
        },
        "explicit_not": {
          "count": 10,
          "config_means": {
            "thresh_0.120_steep_15.0": 0.2702380952380952
          },
          "top_configs": [
            [
              "thresh_0.120_steep_15.0",
              0.2702380952380952
            ]
          ]
        }
      }
    },