{
  "query_type_analysis": {
    "comparative_not": {
      "count": 10,
      "BGE": {
        "P@1": 0.3,
        "P@2": 0.3,
        "P@3": 0.3,
        "MRR": 0.57,
        "NDCG@3": 0.7175182267253165
      },
      "Roberta": {
        "P@1": 0.0,
        "P@2": 0.0,
        "P@3": 0.03333333333333333,
        "MRR": 0.19952380952380952,
        "NDCG@3": 0.3034690454883934
      },
      "p_values": {
        "P@1": 0.08112618884584075,
        "NDCG@3": 0.0002860104241695824,
        "P@3": 0.00020249932206764005,
        "MRR": 0.004339195858959727,
        "P@2": 0.005121072764272635
      }
    },
    "explicit_not": {
      "count": 10,
      "BGE": {
        "P@1": 0.1,
        "P@2": 0.15,
        "P@3": 0.26666666666666666,
        "MRR": 0.4033333333333333,
        "NDCG@3": 0.5315130234573286
      },
      "Roberta": {
        "P@1": 0.3,
        "P@2": 0.35,
        "P@3": 0.3,
        "MRR": 0.5916666666666666,
        "NDCG@3": 0.5862367863207097
      },
      "p_values": {
        "P@1": 0.16785065605707492,
        "NDCG@3": 0.49051684825246034,
        "P@3": 0.5910512317836047,
        "MRR": 0.055244388760232466,
        "P@2": 0.1038881310621017
      }
    },
    "implicit_not": {
      "count": 10,
      "BGE": {
        "P@1": 0.2,
        "P@2": 0.25,
        "P@3": 0.19999999999999998,
        "MRR": 0.44857142857142857,
        "NDCG@3": 0.5024692431317209
      },
      "Roberta": {
        "P@1": 0.1,
        "P@2": 0.1,
        "P@3": 0.1,
        "MRR": 0.3019047619047619,
        "NDCG@3": 0.3570218302052141
      },
      "p_values": {
        "P@1": 0.34343639613791355,
        "NDCG@3": 0.03356079352074256,
        "P@3": 0.1934220596033321,
        "MRR": 0.14446185569949826,
        "P@2": 0.08112618884584051
      }
    },
    "prohibition_not": {
      "count": 10,
      "BGE": {
        "P@1": 0.2,
        "P@2": 0.3,
        "P@3": 0.2666666666666667,
        "MRR": 0.5166666666666666,
        "NDCG@3": 0.6996452044537771
      },
      "Roberta": {
        "P@1": 0.0,
        "P@2": 0.0,
        "P@3": 0.0,
        "MRR": 0.15833333333333333,
        "NDCG@3": 0.11703352410856196
      },
      "p_values": {
        "P@1": 0.16785065605707492,
        "NDCG@3": 4.03275664270153e-06,
        "P@3": 0.00020249932206764005,
        "MRR": 0.0017296267210404556,
        "P@2": 0.005121072764272635
      }
    },
    "scope_not": {
      "count": 10,
      "BGE": {
        "P@1": 0.2,
        "P@2": 0.3,
        "P@3": 0.2666666666666667,
        "MRR": 0.4999999999999999,
        "NDCG@3": 0.5261952416668495
      },
      "Roberta": {
        "P@1": 0.1,
        "P@2": 0.05,
        "P@3": 0.03333333333333333,
        "MRR": 0.2611904761904762,
        "NDCG@3": 0.23893529055745302
      },
      "p_values": {
        "P@1": 0.34343639613791355,
        "NDCG@3": 0.006575951173571651,
        "P@3": 0.009534613041301043,
        "MRR": 0.013758853922835388,
        "P@2": 0.014956363910414203
      }
    }
  },
  "combined_analysis": {
    "metadata": {
      "total_documents": 50,
      "best_configuration": "thresh_0.120_steep_15.0",
      "best_configuration_score": 0.2269189314579628,
      "config_composite_scores": {
        "thresh_0.120_steep_15.0": 0.2269189314579628
      },
      "docs_with_best_config": 50,
      "detected_query_types": [
        "comparative_not",
        "explicit_not",
        "implicit_not",
        "prohibition_not",
        "scope_not"
      ],
      "selection_criteria": "Weighted composite score (P@1:40%, MRR:30%, NDCG@3:30%)",
      "config_distribution_all": {
        "thresh_0.120_steep_15.0": 50
      },
      "config_distribution_scope_not": {
        "thresh_0.120_steep_15.0": 10
      },
      "config_distribution_implicit_not": {
        "thresh_0.120_steep_15.0": 10
      },
      "config_distribution_comparative_not": {
        "thresh_0.120_steep_15.0": 10
      },
      "config_distribution_prohibition_not": {
        "thresh_0.120_steep_15.0": 10
      },
      "config_distribution_explicit_not": {
        "thresh_0.120_steep_15.0": 10
      }
    },
    "overall_comparison": {
      "BGE": {
        "P@1": 0.2,
        "P@2": 0.26,
        "P@3": 0.26,
        "MRR": 0.48771428571428566,
        "NDCG@3": 0.5954681878869986
      },
      "Roberta": {
        "P@1": 0.1,
        "P@2": 0.1,
        "P@3": 0.09333333333333332,
        "MRR": 0.30252380952380953,
        "NDCG@3": 0.3205392953360665
      },
      "p_values": {
        "P@1": 0.09589829172239377,
        "NDCG@3": 7.002698520246134e-08,
        "P@3": 1.5373827575530142e-06,
        "MRR": 0.00028885799096790317,
        "P@2": 0.0011073657685324524
      }
    }
  },
  "metric_specific_analysis": {
    "P@1": {
      "overall_means": {
        "thresh_0.120_steep_15.0": 0.1
      },
      "by_query_type": {
        "scope_not": {
          "count": 10,
          "config_means": {
            "thresh_0.120_steep_15.0": 0.1
          },
          "top_configs": [
            [
              "thresh_0.120_steep_15.0",
              0.1
            ]
          ]
        },
        "implicit_not": {
          "count": 10,
          "config_means": {
            "thresh_0.120_steep_15.0": 0.1
          },
          "top_configs": [
            [
              "thresh_0.120_steep_15.0",
              0.1
            ]
          ]
        },
        "comparative_not": {
          "count": 10,
          "config_means": {
            "thresh_0.120_steep_15.0": 0.0
          },
          "top_configs": [
            [
              "thresh_0.120_steep_15.0",
              0.0
            ]
          ]
        },
        "prohibition_not": {
          "count": 10,
          "config_means": {
            "thresh_0.120_steep_15.0": 0.0
          },
          "top_configs": [
            [
              "thresh_0.120_steep_15.0",
              0.0
            ]
          ]
        },
        "explicit_not": {
          "count": 10,
          "config_means": {
            "thresh_0.120_steep_15.0": 0.3
          },
          "top_configs": [
            [
              "thresh_0.120_steep_15.0",
              0.3
            ]
          ]
        }
      }
    },
    "MRR": {
      "overall_means": {
        "thresh_0.120_steep_15.0": 0.30252380952380953
      },
      "by_query_type": {
        "scope_not": {
          "count": 10,
          "config_means": {
            "thresh_0.120_steep_15.0": 0.2611904761904762
          },
          "top_configs": [
            [
              "thresh_0.120_steep_15.0",
              0.2611904761904762
            ]
          ]
        },
        "implicit_not": {
          "count": 10,
          "config_means": {
            "thresh_0.120_steep_15.0": 0.3019047619047619
          },
          "top_configs": [
            [
              "thresh_0.120_steep_15.0",
              0.3019047619047619
            ]
          ]
        },
        "comparative_not": {
          "count": 10,
          "config_means": {
            "thresh_0.120_steep_15.0": 0.19952380952380952
          },
          "top_configs": [
            [
              "thresh_0.120_steep_15.0",
              0.19952380952380952
            ]
          ]
        },
        "prohibition_not": {
          "count": 10,
          "config_means": {
            "thresh_0.120_steep_15.0": 0.15833333333333333
          },
          "top_configs": [
            [
              "thresh_0.120_steep_15.0",
              0.15833333333333333
            ]
          ]
        },
        "explicit_not": {
          "count": 10,
          "config_means": {
            "thresh_0.120_steep_15.0": 0.5916666666666666
          },
          "top_configs": [
            [
              "thresh_0.120_steep_15.0",
              0.5916666666666666
            ]
          ]
        }
      }
    },
    "NDCG@3": {
      "overall_means": {
        "thresh_0.120_steep_15.0": 0.3205392953360665
      },