{
  "query_type_analysis": {
    "comparative_not": {
      "count": 10,
      "BGE": {
        "P@1": 0.3,
        "P@2": 0.3,
        "P@3": 0.3,
        "MRR": 0.57,
        "NDCG@3": 0.7175182267253165
      },
      "Roberta": {
        "P@1": 0.0,
        "P@2": 0.0,
        "P@3": 0.03333333333333333,
        "MRR": 0.19357142857142856,
        "NDCG@3": 0.23149569783331528
      },
      "p_values": {
        "P@1": 0.08112618884584075,
        "NDCG@3": 0.00016442740364818094,
        "P@3": 0.0002024993220676408,
        "MRR": 0.003525790731775723,
        "P@2": 0.005121072764272635
      }
    },
    "explicit_not": {
      "count": 10,
      "BGE": {
        "P@1": 0.1,
        "P@2": 0.15,
        "P@3": 0.26666666666666666,
        "MRR": 0.4033333333333333,
        "NDCG@3": 0.5315130234573286
      },
      "Roberta": {
        "P@1": 0.0,
        "P@2": 0.0,
        "P@3": 0.03333333333333333,
        "MRR": 0.19857142857142857,
        "NDCG@3": 0.393145379869383
      },
      "p_values": {
        "P@1": 0.34343639613791355,
        "NDCG@3": 0.07861354985177198,
        "P@3": 0.0013229505842674947,
        "MRR": 0.029534622179886665,
        "P@2": 0.08112618884584051
      }
    },
    "implicit_not": {
      "count": 10,
      "BGE": {
        "P@1": 0.2,
        "P@2": 0.25,
        "P@3": 0.19999999999999998,
        "MRR": 0.44857142857142857,
        "NDCG@3": 0.5024692431317209
      },
      "Roberta": {
        "P@1": 0.2,
        "P@2": 0.2,
        "P@3": 0.13333333333333333,
        "MRR": 0.3938095238095238,
        "NDCG@3": 0.4940953370741351
      },
      "p_values": {
        "P@1": 1.0,
        "NDCG@3": 0.9546924042166745,
        "P@3": 0.5086464915963443,
        "MRR": 0.783581434568103,
        "P@2": 0.7577400727729553
      }
    },
    "prohibition_not": {
      "count": 10,
      "BGE": {
        "P@1": 0.2,
        "P@2": 0.3,
        "P@3": 0.2666666666666667,
        "MRR": 0.5166666666666666,
        "NDCG@3": 0.6996452044537771
      },
      "Roberta": {
        "P@1": 0.1,
        "P@2": 0.2,
        "P@3": 0.16666666666666666,
        "MRR": 0.36857142857142855,
        "NDCG@3": 0.501648749763524
      },
      "p_values": {
        "P@1": 0.34343639613791355,
        "NDCG@3": 0.025053311067898456,
        "P@3": 0.08112618884584051,
        "MRR": 0.06736662284143295,
        "P@2": 0.44333185016966015
      }
    },
    "scope_not": {
      "count": 10,
      "BGE": {
        "P@1": 0.2,
        "P@2": 0.3,
        "P@3": 0.2666666666666667,
        "MRR": 0.4999999999999999,
        "NDCG@3": 0.5261952416668495
      },
      "Roberta": {
        "P@1": 0.0,
        "P@2": 0.05,
        "P@3": 0.03333333333333333,
        "MRR": 0.2145238095238095,
        "NDCG@3": 0.3454427124483912
      },
      "p_values": {
        "P@1": 0.16785065605707492,
        "NDCG@3": 0.053488789176595025,
        "P@3": 0.02484634444065553,
        "MRR": 0.02020629566664,
        "P@2": 0.052177242798819065
      }
    }
  },
  "combined_analysis": {
    "metadata": {
      "total_documents": 50,
      "best_configuration": "thresh_0.120_steep_15.0",
      "best_configuration_score": 0.22409252976218205,
      "config_composite_scores": {
        "thresh_0.120_steep_15.0": 0.22409252976218205
      },
      "docs_with_best_config": 50,
      "detected_query_types": [
        "comparative_not",
        "explicit_not",
        "implicit_not",
        "prohibition_not",
        "scope_not"
      ],
      "selection_criteria": "Weighted composite score (P@1:40%, MRR:30%, NDCG@3:30%)",
      "config_distribution_all": {
        "thresh_0.120_steep_15.0": 50
      },
      "config_distribution_scope_not": {
        "thresh_0.120_steep_15.0": 10
      },
      "config_distribution_implicit_not": {
        "thresh_0.120_steep_15.0": 10
      },
      "config_distribution_comparative_not": {
        "thresh_0.120_steep_15.0": 10
      },
      "config_distribution_prohibition_not": {
        "thresh_0.120_steep_15.0": 10
      },
      "config_distribution_explicit_not": {
        "thresh_0.120_steep_15.0": 10
      }
    },
    "overall_comparison": {
      "BGE": {
        "P@1": 0.2,
        "P@2": 0.26,
        "P@3": 0.26,
        "MRR": 0.48771428571428566,
        "NDCG@3": 0.5954681878869986
      },
      "Roberta": {
        "P@1": 0.06,
        "P@2": 0.09,
        "P@3": 0.08,
        "MRR": 0.2738095238095238,
        "NDCG@3": 0.3931655753977498
      },
      "p_values": {
        "P@1": 0.033378806250829875,
        "NDCG@3": 5.668987461108618e-05,
        "P@3": 8.207625833261147e-07,
        "MRR": 0.00016978792305656572,
        "P@2": 0.0015566941417139199
      }
    }
  },
  "metric_specific_analysis": {
    "P@1": {
      "overall_means": {
        "thresh_0.120_steep_15.0": 0.06
      },
      "by_query_type": {
        "scope_not": {
          "count": 10,
          "config_means": {
            "thresh_0.120_steep_15.0": 0.0
          },
          "top_configs": [
            [
              "thresh_0.120_steep_15.0",
              0.0
            ]
          ]
        },
        "implicit_not": {
          "count": 10,
          "config_means": {
            "thresh_0.120_steep_15.0": 0.2
          },
          "top_configs": [
            [
              "thresh_0.120_steep_15.0",
              0.2
            ]
          ]
        },
        "comparative_not": {
          "count": 10,
          "config_means": {
            "thresh_0.120_steep_15.0": 0.0
          },
          "top_configs": [
            [
              "thresh_0.120_steep_15.0",
              0.0
            ]
          ]
        },
        "prohibition_not": {
          "count": 10,
          "config_means": {
            "thresh_0.120_steep_15.0": 0.1
          },
          "top_configs": [
            [
              "thresh_0.120_steep_15.0",
              0.1
            ]
          ]
        },
        "explicit_not": {
          "count": 10,
          "config_means": {
            "thresh_0.120_steep_15.0": 0.0
          },
          "top_configs": [
            [
              "thresh_0.120_steep_15.0",
              0.0
            ]
          ]
        }
      }
    },
    "MRR": {
      "overall_means": {
        "thresh_0.120_steep_15.0": 0.2738095238095238
      },
      "by_query_type": {
        "scope_not": {
          "count": 10,
          "config_means": {
            "thresh_0.120_steep_15.0": 0.2145238095238095
          },
          "top_configs": [
            [
              "thresh_0.120_steep_15.0",
              0.2145238095238095
            ]
          ]
        },
        "implicit_not": {
          "count": 10,
          "config_means": {
            "thresh_0.120_steep_15.0": 0.3938095238095238
          },
          "top_configs": [
            [
              "thresh_0.120_steep_15.0",
              0.3938095238095238
            ]
          ]
        },
        "comparative_not": {
          "count": 10,
          "config_means": {
            "thresh_0.120_steep_15.0": 0.19357142857142856
          },
          "top_configs": [
            [
              "thresh_0.120_steep_15.0",
              0.19357142857142856
            ]
          ]
        },
        "prohibition_not": {
          "count": 10,
          "config_means": {
            "thresh_0.120_steep_15.0": 0.36857142857142855
          },
          "top_configs": [
            [
              "thresh_0.120_steep_15.0",
              0.36857142857142855
            ]
          ]
        },
        "explicit_not": {
          "count": 10,
          "config_means": {
            "thresh_0.120_steep_15.0": 0.19857142857142857
          },
          "top_configs": [
            [
              "thresh_0.120_steep_15.0",
              0.19857142857142857
            ]
          ]
        }
      }
    },
    "NDCG@3": {
      "overall_means": {
        "thresh_0.120_steep_15.0": 0.3931655753977498
      },